#Frame,Timer,HeadX,HeadY,HeadZ,HeadRX,HeadRY,HeadRZ,LHandX,LHandY,LHandZ,LHandRX,LHandRY,LHandRZ,RHandX,RHandY,RHandZ,RHandRX,RHandRY,RHandRZ,LEyeRX,LEyeRY,LEyeRZ,REyeRX,REyeRY,REyeRZ,LEyeConf,REyeConf
1.0,0.1666667,0.2462644,1.580216,0.04203653,12.81251,151.7986,0.2891499,0.2752379,1.580054,0.05761467,12.81251,151.7986,0.2891499,0.2172909,1.580378,0.0264584,12.81251,151.7986,0.2891499,19.76533,179.2629,0.0,19.89131,178.5775,-5.674635e-08,0.5,0.5
2.0,0.2255711,0.2463356,1.574255,-0.02710639,12.31008,179.819,0.9787661,0.2792266,1.573706,-0.0268827,12.31008,179.819,0.9787661,0.2134446,1.574804,-0.02733008,12.31008,179.819,0.9787661,19.71953,183.5766,0.0,20.0952,180.8125,0.0,0.5,0.5
3.0,0.3922378,0.2480061,1.580349,-0.08404106,6.809975,189.3427,358.9552,0.2804492,1.580945,-0.08945072,6.809975,189.3427,358.9552,0.2155631,1.579754,-0.07863139,6.809975,189.3427,358.9552,6.835932,197.7033,-1.074858e-07,6.824406,193.6805,5.374161e-08,0.5,0.5
4.0,0.4428388,0.2627614,1.586234,-0.1301184,4.098242,193.7181,357.1121,0.2946506,1.587888,-0.1380247,4.098242,193.7181,357.1121,0.2308721,1.584581,-0.122212,4.098242,193.7181,357.1121,5.610781,209.9691,-2.144709e-07,5.556579,205.958,0.0,0.5,0.5
5.0,0.6095055,0.3115366,1.592165,-0.1726882,4.965233,205.4907,359.5422,0.3412198,1.592427,-0.1868657,4.965233,205.4907,359.5422,0.2818533,1.591904,-0.1585107,4.965233,205.4907,359.5422,6.268463,203.6071,-1.073636e-07,6.207232,199.3648,0.0,0.5,0.5
6.0,0.6661682,0.3814583,1.59851,-0.1813469,2.438738,221.1546,0.1334308,0.4062293,1.598433,-0.2029932,2.438738,221.1546,0.1334308,0.3566874,1.598587,-0.1597006,2.438738,221.1546,0.1334308,5.749357,208.1538,1.072613e-07,5.698993,204.1406,0.0,0.5,0.5
7.0,0.8328349,0.4640985,1.610434,-0.1896463,356.5986,239.2983,2.80678,0.480792,1.608826,-0.2179466,356.5986,239.2983,2.80678,0.447405,1.612042,-0.161346,356.5986,239.2983,2.80678,3.881019,258.3403,0.0,4.089949,255.2682,0.0,0.5,0.5
8.0,0.8981916,0.5013294,1.623428,-0.1807342,351.9113,256.002,6.300479,0.5087457,1.619854,-0.2125837,351.9113,256.002,6.300479,0.4939131,1.627002,-0.1488847,351.9113,256.002,6.300479,2.698188,262.5679,1.068401e-07,2.962281,259.7451,-1.068645e-07,0.5,0.5
9.0,1.064858,0.4938604,1.628023,-0.148277,348.5451,258.2016,7.702482,0.4996689,1.623702,-0.1803669,348.5451,258.2016,7.702482,0.488052,1.632344,-0.1161872,348.5451,258.2016,7.702482,344.7162,283.8924,0.0,344.7823,281.3855,0.0,0.5,0.5
10.0,1.130808,0.4835892,1.639965,-0.1002637,341.8086,263.0654,7.112666,0.4862681,1.636096,-0.1328216,341.8086,263.0654,7.112666,0.4809103,1.643835,-0.06770576,341.8086,263.0654,7.112666,344.174,281.8007,8.874118e-07,344.2924,278.5872,-8.868939e-07,0.5,0.5
11.0,1.297475,0.4851031,1.642014,-0.05268967,337.3325,272.4626,7.603953,0.482026,1.637997,-0.08519451,337.3325,272.4626,7.603953,0.4881801,1.64603,-0.02018483,337.3325,272.4626,7.603953,346.9524,274.5772,0.0,347.2778,271.93,-8.752618e-07,0.5,0.5
12.0,1.371237,0.4825422,1.632435,-0.05391694,341.9121,270.5917,6.286541,0.4810862,1.629011,-0.08660214,341.9121,270.5917,6.286541,0.4839982,1.635859,-0.02123174,341.9121,270.5917,6.286541,354.3903,263.6787,4.289411e-07,354.7723,260.909,-2.143349e-07,0.5,0.5
13.0,1.537904,0.5091369,1.632909,-0.07931113,344.8519,259.4816,6.962483,0.5140733,1.62906,-0.1116064,344.8519,259.4816,6.962483,0.5042004,1.636758,-0.04701588,344.8519,259.4816,6.962483,358.8016,255.9188,-5.337253e-08,359.1121,253.3628,0.0,0.5,0.5
14.0,1.621134,0.5436308,1.625466,-0.09339229,348.3581,250.8133,6.269763,0.5536927,1.621948,-0.1245137,348.3581,250.8133,6.269763,0.5335689,1.628985,-0.06227085,348.3581,250.8133,6.269763,0.07938068,257.291,6.670113e-09,0.3893611,254.5154,1.334052e-08,0.5,0.5
15.0,1.7878,0.5652965,1.620615,-0.09488755,350.5378,248.8349,4.472924,0.5767444,1.618085,-0.1256237,350.5378,248.8349,4.472924,0.5538485,1.623146,-0.06415144,350.5378,248.8349,4.472924,2.616209,263.3536,0.0,2.863967,260.5978,0.0,0.5,0.5
16.0,1.867661,0.569105,1.617518,-0.103613,351.2259,250.0667,4.222477,0.5799424,1.615124,-0.1345805,351.2259,250.0667,4.222477,0.5582675,1.619912,-0.07264547,351.2259,250.0667,4.222477,1.611755,263.7936,-5.338197e-08,1.860556,260.7993,-2.13556e-07,0.5,0.5
17.0,2.034328,0.5818459,1.611611,-0.1182155,352.8937,253.6862,4.876182,0.590721,1.608836,-0.1497702,352.8937,253.6862,4.876182,0.5729708,1.614385,-0.08666077,352.8937,253.6862,4.876182,0.999841,267.5522,5.336897e-08,1.23547,264.9403,-5.337326e-08,0.5,0.5
18.0,2.118651,0.5962597,1.614618,-0.1366123,350.9574,256.5085,4.143952,0.6035511,1.61227,-0.1686044,350.9574,256.5085,4.143952,0.5889683,1.616966,-0.1046203,350.9574,256.5085,4.143952,353.6751,267.2169,2.147505e-07,353.8741,264.1127,2.146692e-07,0.5,0.5
19.0,2.285318,0.6321352,1.611248,-0.1786944,353.8386,243.7175,5.194489,0.6463551,1.608287,-0.2082103,353.8386,243.7175,5.194489,0.6179152,1.614209,-0.1491784,353.8386,243.7175,5.194489,359.223,249.5514,2.668288e-08,359.4682,246.7077,0.0,0.5,0.5
20.0,2.371916,0.6371875,1.607249,-0.2188858,358.8029,221.8112,6.601483,0.6614915,1.603468,-0.2407305,358.8029,221.8112,6.601483,0.6128836,1.61103,-0.1970411,358.8029,221.8112,6.601483,0.6891519,228.8866,-5.336472e-08,1.059255,225.583,2.668498e-08,0.5,0.5
21.0,2.531361,0.610158,1.598216,-0.2416648,2.899593,200.9843,6.198396,0.6407573,1.594669,-0.2532088,2.899593,200.9843,6.198396,0.5795586,1.601763,-0.2301209,2.899593,200.9843,6.198396,3.376021,214.7265,1.069072e-07,3.783404,211.4273,-2.139096e-07,0.5,0.5
22.0,2.614709,0.5484101,1.60061,-0.2500032,1.216095,197.15,4.301746,0.5797706,1.598143,-0.2596261,1.216095,197.15,4.301746,0.5170496,1.603077,-0.2403803,1.216095,197.15,4.301746,2.34483,215.4428,0.0,2.661922,212.3631,0.0,0.5,0.5
23.0,2.768746,0.5135897,1.598324,-0.2664809,1.470867,188.7249,6.929193,0.5458833,1.594357,-0.2713338,1.470867,188.7249,6.929193,0.4812961,1.602291,-0.261628,1.470867,188.7249,6.929193,8.309705,191.8311,-5.392701e-08,8.63465,189.1974,0.0,0.5,0.5
24.0,2.859027,0.5297312,1.588814,-0.2701135,8.51506,155.1034,1.74808,0.559494,1.587822,-0.2561364,8.51506,155.1034,1.74808,0.4999684,1.589806,-0.2840906,8.51506,155.1034,1.74808,8.298946,147.5844,0.0,8.347681,145.3634,-2.15729e-07,0.5,0.5
25.0,3.025694,0.5693164,1.590991,-0.2490143,7.381976,118.8602,358.2545,0.5853,1.591985,-0.2202792,7.381976,118.8602,358.2545,0.5533328,1.589998,-0.2777494,7.381976,118.8602,358.2545,4.638491,105.3051,6.424343e-07,4.500089,102.6566,0.0,0.5,0.5
26.0,3.106005,0.5933081,1.599531,-0.2239538,1.739799,91.86049,353.7883,0.5944778,1.603089,-0.1912713,1.739799,91.86049,353.7883,0.5921384,1.595974,-0.2566362,1.739799,91.86049,353.7883,359.6122,88.91905,2.668104e-08,359.3521,85.61587,5.336426e-08,0.5,0.5
27.0,3.272671,0.5961563,1.600918,-0.205538,1.856005,80.06335,352.7414,0.5906578,1.605072,-0.1733716,1.856005,80.06335,352.7414,0.6016548,1.596763,-0.2377044,1.856005,80.06335,352.7414,2.045671,68.85645,-1.067898e-07,1.48754,64.90055,0.0,0.5,0.5
28.0,3.359278,0.5916187,1.6201,-0.1997815,354.8599,80.90031,352.5751,0.5860836,1.624334,-0.1676318,354.8599,80.90031,352.5751,0.5971537,1.615866,-0.2319312,354.8599,80.90031,352.5751,358.8885,69.17993,0.0,358.5531,66.32357,1.067557e-07,0.5,0.5
29.0,3.525944,0.5678211,1.579436,-0.2445162,5.650608,122.441,357.4345,0.5855724,1.580901,-0.2168591,5.650608,122.441,357.4345,0.5500698,1.577971,-0.2721733,5.650608,122.441,357.4345,11.93334,144.5386,-4.363161e-07,12.00377,142.533,4.364298e-07,0.5,0.5
30.0,3.614279,0.5526491,1.568626,-0.295408,9.922585,162.7417,3.214424,0.5839206,1.566809,-0.2853602,9.922585,162.7417,3.214424,0.5213776,1.570443,-0.3054559,9.922585,162.7417,3.214424,14.06614,162.0634,2.200412e-07,14.38209,158.2101,-2.203489e-07,0.5,0.5
31.0,3.780946,0.6134601,1.542021,-0.3434299,20.11376,193.997,4.088727,0.6454936,1.539818,-0.3505836,20.11376,193.997,4.088727,0.5814267,1.544223,-0.3362761,20.11376,193.997,4.088727,25.83819,197.922,4.743036e-07,26.16568,193.7674,2.378139e-07,0.5,0.5
32.0,3.866399,0.6988293,1.551557,-0.3662817,21.11613,215.0684,3.752714,0.7261418,1.549548,-0.384507,21.11613,215.0684,3.752714,0.6715168,1.553565,-0.3480563,21.11613,215.0684,3.752714,19.74127,220.3223,0.0,20.24972,215.8653,1.365029e-06,0.5,0.5
33.0,4.033066,0.6995431,1.56219,-0.3581422,18.07409,240.0707,4.057287,0.7165408,1.559977,-0.3862198,18.07409,240.0707,4.057287,0.6825454,1.564402,-0.3300646,18.07409,240.0707,4.057287,13.22074,242.6828,0.0,13.53165,238.3707,4.390752e-07,0.5,0.5
34.0,4.116024,0.6629027,1.565617,-0.3553617,14.97476,247.1731,3.563902,0.6761271,1.563641,-0.385418,14.97476,247.1731,3.563902,0.6496782,1.567592,-0.3253054,14.97476,247.1731,3.563902,13.30773,239.2603,8.77332e-07,13.41835,234.9303,-1.316602e-06,0.5,0.5
35.0,4.282691,0.6415301,1.558592,-0.3841458,16.937,234.2361,2.507653,0.661078,1.557215,-0.4105683,16.937,234.2361,2.507653,0.6219822,1.559969,-0.3577233,16.937,234.2361,2.507653,19.70784,256.4899,-9.068955e-07,20.1974,253.491,1.819426e-06,0.5,0.5
36.0,4.376537,0.6309012,1.56288,-0.3922306,15.60835,247.0675,2.619149,0.6440782,1.561432,-0.4223377,15.60835,247.0675,2.619149,0.6177241,1.564328,-0.3621235,15.60835,247.0675,2.619149,13.9282,271.2436,4.398183e-07,14.05258,270.5823,-8.801124e-07,0.5,0.5
37.0,4.480281,0.6466046,1.571656,-0.397131,10.59707,266.8884,2.716524,0.6486745,1.570123,-0.4299263,10.59707,266.8884,2.716524,0.6445346,1.573188,-0.3643356,10.59707,266.8884,2.716524,8.330912,283.5103,0.0,8.675039,280.1729,-4.31827e-07,0.5,0.5
38.0,4.569996,0.6863236,1.582792,-0.4121149,7.629402,285.3695,2.34716,0.6777844,1.581457,-0.4438555,7.629402,285.3695,2.34716,0.6948627,1.584127,-0.3803743,7.629402,285.3695,2.34716,4.537822,293.3351,4.282292e-07,4.818765,289.1202,2.142005e-07,0.5,0.5
39.0,4.666831,0.7161696,1.591505,-0.4321201,2.599879,293.929,3.885672,0.7029498,1.589278,-0.4621609,2.599879,293.929,3.885672,0.7293894,1.593732,-0.4020794,2.599879,293.929,3.885672,353.9386,297.6022,0.0,354.1784,293.1997,2.145499e-07,0.5,0.5
40.0,4.773313,0.75024,1.599975,-0.4381336,0.6263913,298.5449,4.21758,0.7345864,1.597556,-0.4669655,0.6263913,298.5449,4.21758,0.7658936,1.602394,-0.4093017,0.6263913,298.5449,4.21758,355.3662,310.6276,-1.070717e-07,355.6477,306.1941,0.0,0.5,0.5
41.0,4.878369,0.7759577,1.603615,-0.4230922,359.0565,298.5056,4.244108,0.7602659,1.601181,-0.4519021,359.0565,298.5056,4.244108,0.7916495,1.606049,-0.3942823,359.0565,298.5056,4.244108,354.5589,309.8217,2.144095e-07,354.8047,305.5968,-2.143239e-07,0.5,0.5
42.0,4.981061,0.8059822,1.602671,-0.389331,359.2793,298.5165,5.426916,0.7903131,1.59956,-0.418088,359.2793,298.5165,5.426916,0.8216513,1.605782,-0.3605739,359.2793,298.5165,5.426916,356.0503,308.7289,2.139515e-07,356.4167,304.2937,0.0,0.5,0.5
43.0,5.083646,0.8339059,1.5985,-0.3591314,359.468,296.9491,5.438545,0.8190387,1.595382,-0.3883103,359.468,296.9491,5.438545,0.8487732,1.601617,-0.3299524,359.468,296.9491,5.438545,356.6132,299.3508,2.138169e-07,356.9822,295.5986,0.0,0.5,0.5
44.0,5.184433,0.8559464,1.593778,-0.3429971,0.1298651,291.4718,5.025736,0.8439573,1.590897,-0.373495,0.1298651,291.4718,5.025736,0.8679354,1.59666,-0.3124992,0.1298651,291.4718,5.025736,355.5392,289.9981,0.0,355.8521,286.6925,-2.14004e-07,0.5,0.5
45.0,5.301587,0.8807749,1.593906,-0.3388197,359.6651,285.6614,4.217905,0.871905,1.591487,-0.3704051,359.6651,285.6614,4.217905,0.8896449,1.596326,-0.3072343,359.6651,285.6614,4.217905,352.6477,287.3427,4.304257e-07,353.0024,282.9137,-2.150452e-07,0.5,0.5
46.0,5.399248,0.9012445,1.589425,-0.3422652,1.102354,280.5102,3.080195,0.895286,1.587658,-0.374569,1.102354,280.5102,3.080195,0.9072031,1.591193,-0.3099613,1.102354,280.5102,3.080195,354.0895,285.7545,-4.291683e-07,354.3007,281.7661,0.0,0.5,0.5
47.0,5.514388,0.9065998,1.584409,-0.3451345,2.974384,274.361,1.920308,0.9041569,1.583308,-0.3779215,2.974384,274.361,1.920308,0.9090428,1.585509,-0.3123475,2.974384,274.361,1.920308,3.147151,262.8373,0.0,3.229858,259.7386,-1.068915e-07,0.5,0.5
48.0,5.605676,0.9101077,1.579785,-0.3498315,5.467368,270.7477,0.5541026,0.9097088,1.579468,-0.3827239,5.467368,270.7477,0.5541026,0.9105067,1.580102,-0.3169391,5.467368,270.7477,0.5541026,12.3049,269.1886,-8.738483e-07,12.30517,265.8357,4.369246e-07,0.5,0.5
49.0,5.718589,0.9205174,1.580036,-0.3630213,5.485404,272.6612,0.4446699,0.9190145,1.579782,-0.3958823,5.485404,272.6612,0.4446699,0.9220204,1.58029,-0.3301604,5.485404,272.6612,0.4446699,5.816064,263.2574,4.290956e-07,5.777833,259.9207,2.145333e-07,0.5,0.5
50.0,5.825117,0.9344388,1.582986,-0.3946861,4.718591,276.3626,1.084666,0.9308448,1.582365,-0.4273796,4.718591,276.3626,1.084666,0.9380329,1.583607,-0.3619926,4.718591,276.3626,1.084666,5.456994,265.9423,0.0,5.446228,262.3829,-2.144113e-07,0.5,0.5
51.0,5.938978,0.9437029,1.592377,-0.428286,3.535403,276.7109,1.232226,0.9399028,1.591671,-0.4609544,3.535403,276.7109,1.232226,0.9475029,1.593083,-0.3956175,3.535403,276.7109,1.232226,4.042286,273.4207,4.279515e-07,4.098588,270.0942,0.0,0.5,0.5
52.0,6.039701,0.9515905,1.597256,-0.4480521,0.9675859,278.8942,0.8067129,0.9465126,1.596793,-0.4805509,0.9675859,278.8942,0.8067129,0.9566684,1.597719,-0.4155534,0.9675859,278.8942,0.8067129,357.8746,287.1368,1.067952e-07,357.9052,283.3812,1.067931e-07,0.5,0.5
53.0,6.163097,0.9625927,1.599205,-0.4546492,359.3228,281.9189,0.9810336,0.9557933,1.598642,-0.4868301,359.3228,281.9189,0.9810336,0.9693922,1.599768,-0.4224682,359.3228,281.9189,0.9810336,355.4304,286.8832,0.0,355.4655,283.7839,0.0,0.5,0.5
54.0,6.270178,0.9724898,1.598811,-0.4613034,358.9921,281.6858,1.139201,0.9658169,1.598157,-0.4935092,358.9921,281.6858,1.139201,0.9791628,1.599465,-0.4290976,358.9921,281.6858,1.139201,353.6651,284.4841,-4.295094e-07,353.7356,280.709,2.147255e-07,0.5,0.5
55.0,6.387595,0.9809154,1.599125,-0.4698501,358.6846,280.7297,1.173831,0.9747769,1.598451,-0.5021616,358.6846,280.7297,1.173831,0.9870538,1.599799,-0.4375386,358.6846,280.7297,1.173831,353.4796,282.9256,-2.148331e-07,353.5332,280.0491,2.148102e-07,0.5,0.5
56.0,6.502666,0.9867438,1.599366,-0.4784891,358.8705,279.9295,1.47551,0.9810567,1.598519,-0.510879,358.8705,279.9295,1.47551,0.9924309,1.600213,-0.4460992,358.8705,279.9295,1.47551,357.5871,270.4803,-3.204493e-07,357.7003,267.1607,-1.068077e-07,0.5,0.5
57.0,6.618255,0.9926568,1.598751,-0.4932627,359.4369,276.9847,1.80023,0.9886484,1.597718,-0.5258975,359.4369,276.9847,1.80023,0.9966653,1.599785,-0.4606279,359.4369,276.9847,1.80023,358.2623,270.7608,-1.067708e-07,358.3806,267.4425,0.0,0.5,0.5
58.0,6.744494,0.9964381,1.597637,-0.5160791,0.4428923,270.1755,1.87696,0.9963458,1.59656,-0.5489576,0.4428923,270.1755,1.87696,0.9965305,1.598715,-0.4832006,0.4428923,270.1755,1.87696,9.881252,267.0851,4.333148e-07,9.931679,263.9857,4.333815e-07,0.5,0.5
59.0,6.867554,1.000641,1.596176,-0.5303671,1.602114,268.6262,2.258933,1.001466,1.59488,-0.5632275,1.602114,268.6262,2.258933,0.999817,1.597472,-0.4975067,1.602114,268.6262,2.258933,11.77543,271.4824,-4.360638e-07,11.9035,268.3751,0.0,0.5,0.5
60.0,6.984508,1.006891,1.594597,-0.5175281,0.9382755,284.2192,3.305608,0.9988539,1.5927,-0.5493712,0.9382755,284.2192,3.305608,1.014928,1.596494,-0.4856851,0.9382755,284.2192,3.305608,9.001571,310.4885,-2.161049e-07,9.098604,309.8307,2.161632e-07,0.5,0.5
61.0,7.116304,1.028793,1.592466,-0.4822008,359.2271,312.1011,5.367406,1.006804,1.589389,-0.5064738,359.2271,312.1011,5.367406,1.050782,1.595542,-0.4579278,359.2271,312.1011,5.367406,6.537826,311.1689,2.148405e-07,6.892124,307.1816,2.14997e-07,0.5,0.5
62.0,7.234936,1.035468,1.589089,-0.4671397,0.867685,316.5763,4.412785,1.011673,1.586559,-0.489713,0.867685,316.5763,4.412785,1.059264,1.59162,-0.4445663,0.867685,316.5763,4.412785,12.92665,301.3452,0.0,12.9662,298.2227,4.380561e-07,0.5,0.5
63.0,7.365944,1.013276,1.581908,-0.4586887,4.828811,304.7415,2.7124,0.9946579,1.580357,-0.4857651,4.828811,304.7415,2.7124,1.031894,1.58346,-0.4316124,4.828811,304.7415,2.7124,14.38561,298.5121,8.814097e-07,14.42177,295.3567,0.0,0.5,0.5
64.0,7.483928,0.9653912,1.577717,-0.4257208,5.877323,291.8588,0.5275419,0.9531725,1.577415,-0.4562623,5.877323,291.8588,0.5275419,0.9776098,1.578018,-0.3951794,5.877323,291.8588,0.5275419,13.02355,286.7746,-4.381573e-07,12.96825,283.6232,8.761195e-07,0.5,0.5
65.0,7.609496,0.8871572,1.571624,-0.3387603,3.354331,284.1195,358.3053,0.8790806,1.572595,-0.3706349,3.354331,284.1195,358.3053,0.8952338,1.570653,-0.3068856,3.354331,284.1195,358.3053,10.89853,277.0252,-4.347278e-07,10.70194,273.4532,8.688867e-07,0.5,0.5
66.0,7.741168,0.7965693,1.581313,-0.2441396,0.3870418,285.0214,359.876,0.7880428,1.581384,-0.2759116,0.3870418,285.0214,359.876,0.8050959,1.581242,-0.2123675,0.3870418,285.0214,359.876,9.265276,277.5682,0.0,9.16812,274.2407,0.0,0.5,0.5
67.0,7.858748,0.7011356,1.587285,-0.197753,1.925138,277.2355,1.767741,0.6970282,1.58627,-0.2303761,1.925138,277.2355,1.767741,0.705243,1.588299,-0.1651299,1.925138,277.2355,1.767741,10.67396,273.3786,-8.688064e-07,10.71233,268.9076,0.0,0.5,0.5
68.0,7.986387,0.6176255,1.585558,-0.193208,1.819703,273.1011,1.070809,0.6158657,1.584944,-0.2260515,1.819703,273.1011,1.070809,0.6193854,1.586172,-0.1603646,1.819703,273.1011,1.070809,11.31026,274.3299,-4.353413e-07,11.36898,270.9878,-4.354308e-07,0.5,0.5
69.0,8.107767,0.543218,1.590766,-0.199392,359.4099,272.5976,358.541,0.5417361,1.591604,-0.2322443,359.4099,272.5976,358.541,0.5446998,1.589929,-0.1665398,359.4099,272.5976,358.541,11.36824,277.4156,-4.354297e-07,11.31137,273.4269,0.0,0.5,0.5
70.0,8.240601,0.4742883,1.592595,-0.2025129,1.431768,266.5905,358.1588,0.4762173,1.593652,-0.2353356,1.431768,266.5905,358.1588,0.4723593,1.591538,-0.1696902,1.431768,266.5905,358.1588,14.77072,267.0898,0.0,14.6535,263.9743,0.0,0.5,0.5
71.0,8.358539,0.3896945,1.586609,-0.1998595,1.924024,248.6687,358.797,0.4016367,1.587299,-0.2305039,1.924024,248.6687,358.797,0.3777524,1.585918,-0.1692152,1.924024,248.6687,358.797,17.96823,258.6498,8.975492e-07,18.02108,255.5359,0.0,0.5,0.5
72.0,8.490808,0.2969427,1.58502,-0.18295,2.196268,239.5301,359.2451,0.3136082,1.585453,-0.2113092,2.196268,239.5301,359.2451,0.2802773,1.584587,-0.1545909,2.196268,239.5301,359.2451,18.22802,256.8064,0.0,18.44586,253.6761,9.000136e-07,0.5,0.5
73.0,8.608582,0.2308431,1.581183,-0.1756818,4.524398,229.4668,0.05336719,0.2522239,1.581152,-0.2006824,4.524398,229.4668,0.05336719,0.2094623,1.581213,-0.1506812,4.524398,229.4668,0.05336719,14.39731,221.713,-4.407279e-07,14.22752,218.164,0.0,0.5,0.5
74.0,8.743561,0.2063338,1.577671,-0.1857505,6.41881,210.4796,359.5633,0.2346691,1.57792,-0.2024603,6.41881,210.4796,359.5633,0.1779984,1.577421,-0.1690408,6.41881,210.4796,359.5633,13.03654,197.5238,0.0,12.79467,193.899,1.094391e-07,0.5,0.5
75.0,8.865355,0.2030776,1.576036,-0.1915866,7.58998,199.7437,357.7853,0.2339602,1.577296,-0.2028491,7.58998,199.7437,357.7853,0.172195,1.574776,-0.1803241,7.58998,199.7437,357.7853,13.16727,199.0123,4.38413e-07,12.95727,194.706,0.0,0.5,0.5
76.0,9.010553,0.237665,1.57491,-0.1808863,8.784328,203.3782,358.3686,0.2677917,1.575835,-0.1940655,8.784328,203.3782,358.3686,0.2075383,1.573984,-0.1677071,8.784328,203.3782,358.3686,15.84577,222.0909,-4.437492e-07,16.03856,218.6693,0.0,0.5,0.5
77.0,9.134058,0.2639104,1.57377,-0.1555563,10.33427,220.2376,0.1456492,0.2890321,1.573687,-0.1767944,10.33427,220.2376,0.1456489,0.2387886,1.573852,-0.1343181,10.33427,220.2376,0.1456489,13.83184,241.5613,-8.792711e-07,14.0922,238.6227,0.0,0.5,0.5
78.0,9.285686,0.2808353,1.570994,-0.1287683,10.20808,230.9521,1.501019,0.3016705,1.570146,-0.1542113,10.20808,230.9521,1.501019,0.2600002,1.571842,-0.1033254,10.20808,230.9521,1.501019,11.573,247.083,8.714911e-07,11.88521,243.0188,8.724778e-07,0.5,0.5
79.0,9.406218,0.2914414,1.568069,-0.1169626,11.12922,234.8737,2.360891,0.3105672,1.56674,-0.1436947,11.12922,234.8737,2.360891,0.2723156,1.569399,-0.09023051,11.12922,234.8737,2.360891,11.97686,247.2645,0.0,12.33047,242.7375,4.369666e-07,0.5,0.5
80.0,9.55451,0.2885736,1.565914,-0.1208124,12.1282,227.865,2.930462,0.3108762,1.564269,-0.1449383,12.1282,227.865,2.930462,0.2662709,1.567558,-0.09668657,12.1282,227.865,2.930462,12.41578,226.1472,0.0,12.55537,222.2907,-4.373453e-07,0.5,0.5
81.0,9.676745,0.2511092,1.567263,-0.1265895,11.71416,211.0982,359.7636,0.2792633,1.567396,-0.1436042,11.71416,211.0982,359.7636,0.2229552,1.56713,-0.1095749,11.71416,211.0982,359.7636,10.58517,215.3138,6.514155e-07,10.60282,211.7083,0.0,0.5,0.5
82.0,9.824201,0.1604692,1.568208,-0.1137587,11.11577,201.2704,357.0544,0.1909659,1.569867,-0.1259805,11.11577,201.2704,357.0544,0.1299725,1.566549,-0.101537,11.11577,201.2704,357.0544,13.01331,202.7598,0.0,12.79964,198.6696,-4.377649e-07,0.5,0.5
83.0,9.953214,0.06840661,1.567439,-0.08930671,10.08643,193.7486,354.6548,0.1000939,1.570456,-0.09761222,10.08643,193.7486,354.6548,0.03671935,1.564422,-0.08100121,10.08643,193.7486,354.6548,15.22731,187.1789,0.0,14.72786,183.331,2.758681e-08,0.5,0.5
84.0,10.1059,0.0416019,1.565073,-0.08576649,10.77179,184.5289,351.999,0.07400869,1.569571,-0.08919188,10.77179,184.5289,351.999,0.009195104,1.560575,-0.0823411,10.77179,184.5289,351.999,17.12966,172.9755,1.116755e-07,16.30077,168.9334,1.111914e-07,0.5,0.5
85.0,10.23024,0.02203405,1.556382,-0.09835488,12.79461,180.6532,349.4534,0.05435732,1.562254,-0.1000569,12.79461,180.6532,349.4534,-0.01028922,1.550511,-0.09665285,12.79461,180.6532,349.4534,19.53371,189.7915,1.132392e-07,19.01357,185.8479,0.0,0.5,0.5
86.0,10.3969,-0.01908493,1.548666,-0.1065049,13.46096,185.5275,347.7901,0.01276173,1.555433,-0.1112139,13.46096,185.5275,347.7901,-0.0509316,1.5419,-0.1017958,13.46096,185.5275,347.7901,19.54299,189.2724,3.397371e-07,18.79198,185.3812,5.636545e-08,0.5,0.5
87.0,10.5247,-0.01874042,1.555284,-0.09618342,12.18223,187.656,350.1486,0.01322369,1.560786,-0.1016785,12.18223,187.656,350.1486,-0.05070452,1.549782,-0.0906883,12.18223,187.656,350.1486,14.57948,186.6232,-5.513627e-08,13.92306,183.0323,0.0,0.5,0.5
88.0,10.6901,0.0512954,1.567294,-0.088229,9.333939,169.4207,356.4438,0.08363102,1.569307,-0.08252632,9.333939,169.4207,356.4438,0.01895978,1.56528,-0.09393168,9.333939,169.4207,356.4438,12.34151,154.4274,0.0,11.8907,151.304,-4.362476e-07,0.5,0.5
89.0,10.83581,0.1671485,1.572443,-0.04795182,7.175989,132.9109,358.8022,0.1896043,1.573125,-0.02392188,7.175989,132.9109,358.8022,0.1446926,1.571761,-0.07198175,7.175989,132.9109,358.8022,12.05222,113.435,4.365084e-07,11.75379,110.5301,0.0,0.5,0.5
90.0,10.98459,0.3029736,1.57381,-0.008191586,6.457426,117.5465,0.6186248,0.3181508,1.573457,0.02099224,6.457426,117.5465,0.6186248,0.2877964,1.574162,-0.03737541,6.457426,117.5465,0.6186248,14.21731,118.72,8.8075e-07,14.24249,114.8654,-1.321272e-06,0.5,0.5
91.0,11.1359,0.416528,1.572884,-0.01766032,7.678492,111.2406,358.8204,0.4285277,1.573555,0.01296198,7.678492,111.2406,358.8204,0.4045284,1.572213,-0.04828262,7.678492,111.2406,358.8204,18.83744,108.9166,-2.706272e-06,18.7159,105.7314,0.0,0.5,0.5
92.0,11.29393,0.4799077,1.566041,-0.08770084,10.44697,112.1846,358.5907,0.4924612,1.566837,-0.05730439,10.44697,112.1846,358.5907,0.4673542,1.565245,-0.1180973,10.44697,112.1846,358.5907,23.98517,117.621,9.344637e-07,23.99236,113.8475,-9.345161e-07,0.5,0.5
93.0,11.44042,0.5222351,1.57409,-0.1971034,4.489955,110.6182,357.999,0.5338963,1.575236,-0.1663646,4.489955,110.6182,357.999,0.5105739,1.572945,-0.2278422,4.489955,110.6182,357.999,356.1699,109.9859,-2.139212e-07,356.0312,105.5667,-4.27913e-07,0.5,0.5
94.0,11.60709,0.5596095,1.583711,-0.285813,2.421215,106.0793,359.9875,0.5687209,1.583718,-0.2542037,2.421215,106.0793,359.9875,0.550498,1.583704,-0.3174223,2.421215,106.0793,359.9875,1.426957,108.2729,-1.601322e-07,1.430902,104.2777,0.0,0.5,0.5
95.0,11.74446,0.6209527,1.565986,-0.3243684,9.846421,102.5698,358.1213,0.628288,1.567049,-0.2923179,9.846421,102.5698,358.1213,0.6136174,1.564923,-0.3564188,9.846421,102.5698,358.1213,35.98568,112.6414,2.110261e-06,36.17842,108.7718,0.0,0.5,0.5
96.0,11.91113,0.721947,1.554589,-0.3711094,17.81078,121.8601,359.4875,0.7393869,1.554869,-0.3432179,17.81078,121.8601,359.4875,0.704507,1.554308,-0.3990009,17.81078,121.8601,359.4875,29.95505,147.9035,9.854069e-07,30.30704,146.2336,0.0,0.5,0.5
97.0,12.06586,0.7616634,1.562499,-0.4062805,14.64665,151.4212,358.8711,0.7906244,1.563126,-0.3906909,14.64665,151.4212,358.8711,0.7327024,1.561872,-0.42187,14.64665,151.4212,358.8711,20.35916,169.5351,0.0,20.76041,164.3549,0.0,0.5,0.5
98.0,12.22932,0.7579649,1.556714,-0.4057665,15.2209,182.3018,2.51621,0.7908182,1.555321,-0.4067076,15.2209,182.3018,2.51621,0.7251116,1.558108,-0.4048255,15.2209,182.3018,2.51621,19.5931,185.2095,0.0,19.76305,181.939,-5.670056e-08,0.5,0.5
99.0,12.38529,0.7805467,1.560071,-0.4088858,13.66933,177.3978,3.582809,0.8133228,1.558074,-0.4069099,13.66933,177.3978,3.582809,0.7477706,1.562069,-0.4108617,13.66933,177.3978,3.582809,19.56373,179.8145,0.0,19.78484,176.0771,0.0,0.5,0.5
100.0,12.55196,0.8121803,1.578378,-0.4347286,6.473426,139.4234,4.825385,0.8368748,1.575628,-0.4131697,6.473426,139.4234,4.825385,0.7874858,1.581127,-0.4562876,6.473426,139.4234,4.825385,14.33481,155.9167,2.203024e-07,14.89992,151.6459,2.208699e-07,0.5,0.5
101.0,12.70486,0.7579802,1.572724,-0.5135896,7.697902,146.9927,6.909712,0.785078,1.568802,-0.4953551,7.697902,146.9927,6.909712,0.7308825,1.576646,-0.5318241,7.697902,146.9927,6.909712,22.69452,176.2475,1.156781e-07,22.9341,175.5742,-5.794087e-08,0.5,0.5
102.0,12.87153,0.7281594,1.561133,-0.5597342,10.4409,169.319,7.10205,0.7601011,1.557133,-0.5529597,10.4409,169.319,7.10205,0.6962177,1.565133,-0.5665088,10.4409,169.319,7.10205,22.74154,186.1832,1.157178e-07,23.60214,182.1044,0.0,0.5,0.5
103.0,13.03047,0.769208,1.558625,-0.535347,13.76151,161.2947,7.33532,0.7997913,1.554546,-0.5239371,13.76151,161.2947,7.335321,0.7386246,1.562705,-0.5467569,13.76151,161.2947,7.335321,28.13553,151.8023,-4.840894e-07,28.23643,147.1232,0.0,0.5,0.5
104.0,13.19714,0.8167522,1.556505,-0.4899016,16.72002,128.2776,6.357148,0.8361826,1.553016,-0.463587,16.72002,128.2776,6.357148,0.7973218,1.559993,-0.5162162,16.72002,128.2776,6.357148,30.99801,136.542,0.0,31.43452,133.0788,-1.000629e-06,0.5,0.5
105.0,13.34936,0.8059522,1.551507,-0.4517699,17.30106,81.47566,2.131715,0.8007195,1.550339,-0.4193135,17.30106,81.47566,2.131715,0.8111849,1.552675,-0.4842264,17.30106,81.47566,2.131715,28.66423,56.04322,-9.730215e-07,28.2692,53.85207,0.0,0.5,0.5
106.0,13.51533,0.7189324,1.554236,-0.4229925,14.71206,28.11601,356.1807,0.6902447,1.556355,-0.4070334,14.71206,28.11601,356.1807,0.7476201,1.552116,-0.4389515,14.71206,28.11601,356.1807,24.28526,24.00372,0.0,23.95103,20.93263,-4.671082e-07,0.5,0.5
107.0,13.66929,0.6786274,1.555258,-0.4217175,12.94961,15.09651,357.1826,0.6469992,1.556834,-0.4128103,12.94961,15.09651,357.1826,0.7102557,1.553682,-0.4306247,12.94961,15.09651,357.1826,19.22989,14.45516,0.0,19.00186,10.73251,3.38617e-07,0.5,0.5
108.0,13.83596,0.685054,1.559968,-0.4190522,11.34995,15.56765,357.1162,0.6534921,1.56159,-0.4099211,11.34995,15.56765,357.1162,0.7166159,1.558345,-0.4281834,11.34995,15.56765,357.1162,11.9299,20.65269,0.0,11.76362,16.34498,4.36045e-07,0.5,0.5
109.0,13.99041,0.7285051,1.612389,-0.4569668,345.6309,44.95198,359.356,0.7051611,1.612747,-0.4337915,345.6309,44.95198,359.356,0.7518492,1.612031,-0.4801421,345.6309,44.95198,359.356,347.3938,66.67851,-4.374319e-07,347.1187,63.74934,-8.758142e-07,0.5,0.5
110.0,14.15496,0.7357599,1.625469,-0.5199271,339.0832,70.65076,357.6805,0.7244209,1.626713,-0.4890718,339.0832,70.65076,357.6805,0.7470988,1.624226,-0.5507824,339.0832,70.65076,357.6805,342.8301,77.67246,-8.93598e-07,342.5847,74.21503,0.0,0.5,0.5
111.0,14.32163,0.7299128,1.622553,-0.5866128,339.972,110.08,359.1368,0.7410465,1.623019,-0.5556613,339.972,110.08,359.1368,0.7187791,1.622087,-0.6175642,339.972,110.08,359.1368,337.7666,118.2952,2.767052e-06,337.4577,113.7491,-1.848802e-06,0.5,0.5
112.0,14.48617,0.7169084,1.631923,-0.6044422,337.0637,162.5549,357.2471,0.7480708,1.633379,-0.5940042,337.0637,162.5549,357.2471,0.685746,1.630468,-0.6148803,337.0637,162.5549,357.2471,334.4138,181.6548,0.0,333.7447,178.0528,5.949929e-08,0.5,0.5
113.0,14.65283,0.7379808,1.639478,-0.5519803,334.1457,212.44,355.8384,0.766229,1.641626,-0.5687012,334.1457,212.44,355.8384,0.7097327,1.63733,-0.5352593,334.1457,212.44,355.8384,328.0351,228.5741,2.012733e-06,327.3011,224.5089,0.0,0.5,0.5
114.0,14.80757,0.7308871,1.637834,-0.5114552,335.9684,235.2857,357.5214,0.7500797,1.639133,-0.5381408,335.9684,235.2857,357.5214,0.7116944,1.636535,-0.4847696,335.9684,235.2857,357.5214,329.5758,241.0873,9.901121e-07,329.272,236.4922,0.0,0.5,0.5
115.0,14.97381,0.6825874,1.636748,-0.4737253,335.8982,245.0433,357.764,0.696932,1.63792,-0.5033061,335.8982,245.0433,357.764,0.6682428,1.635576,-0.4441444,335.8982,245.0433,357.764,329.9715,240.3964,0.0,330.092,234.5184,0.0,0.5,0.5
116.0,15.14048,0.6390025,1.623665,-0.4157524,339.3417,259.1186,356.7347,0.6458517,1.625419,-0.4478799,339.3417,259.1186,356.7347,0.6321533,1.621912,-0.3836248,339.3417,259.1186,356.7347,354.411,279.7679,4.289258e-07,354.0984,276.5185,0.0,0.5,0.5
117.0,15.30715,0.6295615,1.610476,-0.3868506,345.9354,272.8198,358.5122,0.6281511,1.611304,-0.4197062,345.9354,272.8198,358.5122,0.630972,1.609647,-0.353995,345.9354,272.8198,358.5122,355.6826,281.4178,0.0,355.5564,277.7243,2.140869e-07,0.5,0.5
118.0,15.47381,0.6474789,1.596663,-0.4028237,356.1181,282.0705,357.6592,0.6406946,1.598003,-0.4349849,356.1181,282.0705,357.6592,0.6542633,1.595322,-0.3706626,356.1181,282.0705,357.6592,355.7805,283.4903,-2.140235e-07,355.609,279.4869,0.0,0.5,0.5
119.0,15.64048,0.6759745,1.580216,-0.4448074,2.03007,285.3826,359.3678,0.6672364,1.580579,-0.4765198,2.03007,285.3826,359.3678,0.6847126,1.579853,-0.4130949,2.03007,285.3826,359.3678,354.3429,287.1592,0.0,354.2693,282.7266,2.145155e-07,0.5,0.5
120.0,15.80715,0.6893162,1.554336,-0.4802781,14.58341,287.9459,1.70693,0.6794195,1.553388,-0.511636,14.58341,287.9459,1.70693,0.699213,1.555285,-0.4489201,14.58341,287.9459,1.70693,28.80899,297.5232,9.743704e-07,29.06248,294.6125,0.0,0.5,0.5
121.0,15.97381,0.6737483,1.55702,-0.4517837,14.94544,289.2656,3.205025,0.663359,1.555243,-0.4829457,14.94544,289.2656,3.205025,0.6841376,1.558797,-0.4206217,14.94544,289.2656,3.205025,27.34813,296.0112,-1.922412e-06,27.61881,292.8461,2.890713e-06,0.5,0.5
122.0,16.14048,0.6158003,1.562623,-0.3206332,8.984344,279.5641,3.218799,0.6106275,1.560799,-0.353069,8.984344,279.5641,3.218799,0.620973,1.564448,-0.2881974,8.984344,279.5641,3.218799,17.44907,282.173,-1.789912e-06,17.59301,278.9644,1.791332e-06,0.5,0.5
123.0,16.30715,0.5640056,1.576225,-0.2090044,6.47446,268.0629,6.420479,0.5655252,1.572569,-0.2416617,6.47446,268.0629,6.420479,0.5624861,1.57988,-0.1763471,6.47446,268.0629,6.420479,12.5732,267.1154,-4.373756e-07,12.90356,263.7514,-8.758922e-07,0.5,0.5
124.0,16.47381,0.5033761,1.589226,-0.1588993,2.170306,258.7905,3.990108,0.5098405,1.586939,-0.191073,2.170306,258.7905,3.990108,0.4969116,1.591513,-0.1267256,2.170306,258.7905,3.990108,12.90176,264.174,-8.758859e-07,13.17347,260.8406,0.0,0.5,0.5
125.0,16.64048,0.4312724,1.592388,-0.152837,356.9863,254.783,2.016457,0.4398428,1.591232,-0.1845762,356.9863,254.783,2.016457,0.422702,1.593544,-0.1210977,356.9863,254.783,2.016457,12.56813,263.1923,1.312101e-06,12.77413,259.7227,-4.377207e-07,0.5,0.5
126.0,16.80714,0.3619792,1.587129,-0.1383535,0.1471277,246.0905,1.379249,0.3753099,1.586337,-0.1684173,0.1471277,246.0905,1.379249,0.3486486,1.587921,-0.1082897,0.1471277,246.0905,1.379249,15.12397,250.8068,1.32661e-06,15.25022,247.0374,-4.424678e-07,0.5,0.5
127.0,16.97381,0.2700261,1.588319,-0.06628603,358.3951,231.2764,5.113562,0.2904589,1.585388,-0.09190007,358.3951,231.2764,5.113562,0.2495934,1.59125,-0.04067199,358.3951,231.2764,5.113562,15.91126,242.2403,-4.438935e-07,16.2893,239.0342,0.0,0.5,0.5
128.0,17.14048,0.2177837,1.593056,-0.00350821,359.8732,223.2067,4.436163,0.2416857,1.590512,-0.02596671,359.8732,223.2067,4.436163,0.1938816,1.595601,0.01895029,359.8732,223.2067,4.436163,15.70494,235.7844,0.0,16.1343,232.2856,4.4439e-07,0.5,0.5
129.0,17.2526,0.2423413,1.580555,0.03009803,4.940361,227.901,3.683278,0.2644849,1.578449,0.0058618,4.940361,227.901,3.683278,0.2201976,1.58266,0.05433426,4.940361,227.901,3.683278,16.14805,241.0825,1.333263e-06,16.59108,237.7706,8.90863e-07,0.5,0.5
130.0,17.41584,0.2788912,1.580657,0.04956269,5.34266,235.8163,2.297751,0.2974606,1.579344,0.02244039,5.34266,235.8163,2.297751,0.2603218,1.58197,0.076685,5.34266,235.8163,2.297751,21.62501,244.7088,0.0,21.90205,241.309,-2.760571e-06,0.5,0.5
131.0,17.52259,0.300012,1.581841,0.05541027,3.90382,241.9711,2.312653,0.3155378,1.580517,0.02643847,3.90382,241.9711,2.312653,0.2844863,1.583166,0.08438207,3.90382,241.9711,2.312653,21.41526,245.8253,0.0,21.56906,242.8851,-9.180607e-07,0.5,0.5
132.0,17.68892,0.3136814,1.588432,0.03798199,0.9943703,244.5865,3.015422,0.3278064,1.586702,0.008322937,0.9943703,244.5865,3.015422,0.2995565,1.590162,0.06764103,0.9943703,244.5865,3.015422,20.95871,246.5753,1.828525e-06,21.10452,243.4635,9.151577e-07,0.5,0.5
133.0,17.801,0.3095366,1.588492,0.03069133,3.074679,238.5521,3.99854,0.3267626,1.586201,0.002759503,3.074679,238.5521,3.99854,0.2923106,1.590782,0.05862316,3.074679,238.5521,3.99854,15.70354,239.5518,-4.434381e-07,15.8795,236.4231,-8.876469e-07,0.5,0.5
134.0,17.96227,0.269977,1.590135,0.05527103,1.933622,225.4124,2.783197,0.2930813,1.588538,0.03190849,1.933622,225.4124,2.783197,0.2468727,1.591731,0.07863357,1.933622,225.4124,2.783197,11.84121,234.028,4.361684e-07,12.10383,230.2457,8.731851e-07,0.5,0.5
135.0,18.08075,0.2075129,1.589417,0.09411442,0.7213557,216.3447,5.813645,0.2338983,1.586085,0.07475275,0.7213557,216.3447,5.813645,0.1811274,1.592749,0.1134761,0.7213557,216.3447,5.813645,10.74121,229.4449,4.344997e-07,11.2329,225.7388,0.0,0.5,0.5
136.0,18.24592,0.1480361,1.583954,0.1349576,0.4063031,207.6714,7.442213,0.1769385,1.579693,0.119836,0.4063031,207.6714,7.442213,0.1191337,1.588215,0.1500791,0.4063031,207.6714,7.442213,11.06388,221.5865,0.0,11.72478,217.6731,0.0,0.5,0.5
137.0,18.3637,0.1304474,1.582575,0.1650556,0.8344968,202.4855,5.375598,0.1607263,1.579494,0.1525712,0.8344968,202.4855,5.375598,0.1001685,1.585657,0.1775399,0.8344968,202.4855,5.375598,11.45775,216.363,0.0,11.93633,212.8267,2.181604e-07,0.5,0.5
138.0,18.52583,0.115253,1.575998,0.1813256,1.870034,196.2072,4.068912,0.1467836,1.573665,0.1722401,1.870034,196.2072,4.068912,0.08372235,1.578331,0.190411,1.870034,196.2072,4.068912,11.68103,202.371,4.359146e-07,12.0321,198.3655,2.182379e-07,0.5,0.5
139.0,18.6491,0.1192151,1.57336,0.1907698,3.1912,195.6566,2.532232,0.1508818,1.571909,0.1819787,3.1912,195.6566,2.532232,0.08754843,1.574812,0.199561,3.1912,195.6566,2.532232,11.45581,202.1231,-2.17782e-07,11.67672,198.5493,-2.179539e-07,0.5,0.5
140.0,18.81098,0.1199202,1.575905,0.203546,1.7472,198.4959,2.546556,0.1511006,1.574444,0.1931627,1.7472,198.4959,2.546556,0.08873973,1.577366,0.2139294,1.7472,198.4959,2.546556,11.62187,202.9573,-2.179109e-07,11.82356,199.173,2.180701e-07,0.5,0.5
141.0,18.93191,0.1170084,1.577564,0.2167062,0.4719502,199.2449,2.247043,0.148046,1.576274,0.2058817,0.4719502,199.2449,2.247043,0.08597076,1.578854,0.2275306,0.4719502,199.2449,2.247043,10.73944,202.7788,4.344972e-07,10.88758,199.2193,0.0,0.5,0.5
142.0,19.08693,0.1130608,1.579438,0.2174419,359.1803,199.3548,4.076531,0.1440084,1.5771,0.2065355,359.1803,199.3548,4.076531,0.0821133,1.581776,0.2283483,359.1803,199.3548,4.076531,9.3799,202.2188,3.245039e-07,9.644948,198.4681,1.082518e-07,0.5,0.5
143.0,19.21376,0.1075755,1.579378,0.2113281,358.7466,200.3614,3.588776,0.1383401,1.577319,0.1998624,358.7466,200.3614,3.588776,0.07681079,1.581436,0.2227939,358.7466,200.3614,3.588776,8.401154,201.9743,2.157586e-07,8.630226,198.2242,0.0,0.5,0.5
144.0,19.36014,0.1046177,1.579315,0.2007389,358.6007,200.3766,3.89697,0.1353652,1.57708,0.1892601,358.6007,200.3766,3.89697,0.0738702,1.58155,0.2122177,358.6007,200.3766,3.89697,10.30121,206.741,-2.169402e-07,10.5834,203.2285,0.0,0.5,0.5
145.0,19.49439,0.100274,1.581159,0.1907918,358.6256,202.4975,3.444419,0.1305937,1.579183,0.1781832,358.6256,202.4975,3.444418,0.06995422,1.583135,0.2034005,358.6256,202.4975,3.444418,10.15946,209.2722,-4.336868e-07,10.40559,205.9748,2.170124e-07,0.5,0.5
146.0,19.64498,0.091243,1.581328,0.1845572,358.3968,205.0536,2.92983,0.1209853,1.579647,0.1706023,358.3968,205.0536,2.92983,0.0615007,1.583009,0.1985121,358.3968,205.0536,2.92983,12.53212,215.6058,-4.373058e-07,12.80912,212.3233,4.377814e-07,0.5,0.5
147.0,19.78417,0.09015164,1.581288,0.1844436,357.6699,205.4246,1.67462,0.1198325,1.580327,0.1702912,357.6699,205.4246,1.67462,0.06047077,1.582248,0.198596,357.6699,205.4246,1.67462,11.42206,213.9913,4.355121e-07,11.595,210.7092,2.178899e-07,0.5,0.5
148.0,19.92913,0.1032767,1.585372,0.1795925,354.9801,198.9102,1.784214,0.1343534,1.584352,0.1688517,354.9801,198.9102,1.784214,0.07219998,1.586392,0.1903333,354.9801,198.9102,1.784214,357.8707,195.7565,0.0,357.993,191.9867,1.33484e-08,0.5,0.5
149.0,20.06597,0.1110675,1.585447,0.1728047,355.0603,196.234,2.641352,0.1425821,1.583936,0.1634926,355.0603,196.234,2.641352,0.07955292,1.586957,0.1821168,355.0603,196.234,2.641352,356.8318,197.5641,-5.344254e-08,357.0067,193.7945,0.0,0.5,0.5
150.0,20.21367,0.1200584,1.587229,0.1635053,354.2918,193.0536,3.293885,0.1520092,1.585349,0.1559044,354.2918,193.0536,3.293885,0.08810758,1.58911,0.1711062,354.2918,193.0536,3.293885,356.7578,198.1776,5.34464e-08,356.9866,193.9631,0.0,0.5,0.5
151.0,20.34419,0.1296772,1.588491,0.1540369,354.1275,191.0878,4.415575,0.1618138,1.585971,0.147475,354.1275,191.0878,4.415575,0.0975406,1.59101,0.1605988,354.1275,191.0878,4.415575,357.628,199.5604,-5.340661e-08,357.9319,195.3622,-2.669782e-08,0.5,0.5
152.0,20.49647,0.1349362,1.588446,0.1486998,354.1688,190.1748,4.532568,0.1671672,1.58586,0.1426468,354.1688,190.1748,4.532568,0.1027052,1.591032,0.1547528,354.1688,190.1748,4.532568,358.168,200.1367,0.0,358.4678,196.1599,4.003495e-08,0.5,0.5
153.0,20.63011,0.1307049,1.589664,0.1498246,353.6151,190.447,4.150905,0.162923,1.587297,0.1436149,353.6151,190.447,4.150905,0.09848678,1.59203,0.1560343,353.6151,190.447,4.150905,359.0798,199.3318,-1.334193e-08,359.331,195.8151,0.0,0.5,0.5
154.0,20.77991,0.127073,1.590583,0.1548063,353.1312,193.1094,3.835038,0.1589806,1.588399,0.1471054,353.1312,193.1094,3.835038,0.09516541,1.592767,0.1625071,353.1312,193.1094,3.835038,355.0684,202.6196,0.0,355.2811,198.8495,-1.070847e-07,0.5,0.5
155.0,20.91342,0.112246,1.586251,0.1698349,354.1432,202.5471,4.381915,0.1424407,1.58375,0.157021,354.1432,202.5471,4.381915,0.08205129,1.588751,0.1826487,354.1432,202.5471,4.381915,353.1238,221.5116,4.299796e-07,353.2216,219.0757,0.0,0.5,0.5
156.0,21.063,0.08638597,1.581866,0.1895289,356.3629,209.5631,3.857422,0.1148655,1.579658,0.1732132,356.3629,209.5631,3.857422,0.05790643,1.584075,0.2058447,356.3629,209.5631,3.857422,353.8385,217.3381,0.0,354.0123,214.2313,-2.146143e-07,0.5,0.5
157.0,21.19851,0.07130602,1.583595,0.1985466,355.1732,208.6871,6.464356,0.09983136,1.579905,0.1825825,355.1732,208.6871,6.464356,0.04278068,1.587286,0.2145108,355.1732,208.6871,6.464356,353.0642,214.5221,0.0,353.4321,210.973,0.0,0.5,0.5
158.0,21.34773,0.08967522,1.585007,0.1909581,356.4193,206.9914,4.77738,0.1188088,1.582272,0.1759273,356.4193,206.9914,4.77738,0.06054163,1.587741,0.2059889,356.4193,206.9914,4.77738,353.1483,214.2053,0.0,353.3917,210.8704,0.0,0.5,0.5
159.0,21.47018,0.1516837,1.584861,0.1618959,355.7969,214.1895,5.45819,0.1786427,1.58174,0.1433045,355.7969,214.1895,5.45819,0.1247246,1.587982,0.1804873,355.7969,214.1895,5.45819,346.1584,221.6048,4.396541e-07,346.3616,218.443,0.0,0.5,0.5
160.0,21.60634,0.2461629,1.590991,0.1226279,355.0717,221.9451,3.557554,0.2704664,1.588957,0.1005513,355.0717,221.9451,3.557554,0.2218594,1.593025,0.1447044,355.0717,221.9451,3.557554,350.8632,233.1983,0.0,351.0035,229.3969,2.161019e-07,0.5,0.5
161.0,21.74526,0.314854,1.591558,0.08424544,355.8948,226.6222,1.79884,0.3373825,1.590528,0.06029609,355.8948,226.6222,1.79884,0.2923254,1.592588,0.1081948,355.8948,226.6222,1.79884,350.6717,239.5948,-4.326077e-07,350.66,236.4688,0.0,0.5,0.5
162.0,21.87411,0.3327355,1.585418,0.07479179,358.6194,228.2922,6.400834,0.3544201,1.581752,0.05032744,358.6194,228.2922,6.400834,0.311051,1.589084,0.09925614,358.6194,228.2922,6.400834,6.386488,236.2444,-2.147763e-07,6.757095,233.1875,-2.149364e-07,0.5,0.5
163.0,22.0086,0.3261694,1.585985,0.0758349,359.4314,228.2292,6.300127,0.3479243,1.582375,0.05142461,359.4314,228.2292,6.300127,0.3044146,1.589595,0.1002452,359.4314,228.2292,6.300127,7.103721,236.2182,0.0,7.482887,233.1524,-2.152768e-07,0.5,0.5
164.0,22.14092,0.3233136,1.587973,0.07967806,359.378,229.887,5.792479,0.3443728,1.584653,0.05462499,359.378,229.887,5.792479,0.3022544,1.591293,0.1047311,359.378,229.887,5.792479,7.965741,236.4696,-2.15523e-07,8.308531,233.4152,0.0,0.5,0.5
165.0,22.2777,0.3363615,1.59104,0.07741177,357.8561,230.1233,5.923935,0.3572425,1.587647,0.05221968,357.8561,230.1233,5.923935,0.3154805,1.594432,0.1026039,357.8561,230.1233,5.923935,7.731365,237.1889,0.0,8.106113,233.9124,2.155975e-07,0.5,0.5
166.0,22.40753,0.3587349,1.593204,0.07346165,355.1495,231.133,6.734152,0.3789815,1.58936,0.04782047,355.1495,231.133,6.734152,0.3384883,1.597047,0.09910284,355.1495,231.133,6.734152,352.6535,234.2041,4.304201e-07,353.0043,231.1063,0.0,0.5,0.5
167.0,22.54528,0.3917633,1.591934,0.06433296,354.017,228.4885,6.956227,0.4130946,1.587972,0.03960556,354.017,228.4885,6.956227,0.370432,1.595897,0.08906037,354.017,228.4885,6.956227,349.6423,231.4416,4.339585e-07,350.0582,227.874,0.0,0.5,0.5
168.0,22.6783,0.4219528,1.590889,0.04769909,352.9052,222.8354,7.303514,0.4455291,1.586739,0.02513575,352.9052,222.8354,7.303514,0.3983766,1.595038,0.07026243,352.9052,222.8354,7.303514,357.358,220.3942,5.341763e-08,357.7626,217.3323,0.0,0.5,0.5
169.0,22.81174,0.4153713,1.590925,0.02067471,351.4913,219.5132,6.642363,0.4402215,1.587161,-0.0005496126,351.4913,219.5132,6.642363,0.3905211,1.594688,0.04189903,351.4913,219.5132,6.642363,356.8109,223.1214,0.0,357.1842,219.8343,-1.068507e-07,0.5,0.5
170.0,22.94294,0.378689,1.593527,-0.03581953,350.717,215.7419,5.916854,0.4049277,1.590181,-0.05537702,350.717,215.7419,5.916854,0.3524502,1.596874,-0.01626204,350.717,215.7419,5.916854,357.2972,214.7924,-5.342027e-08,357.6468,211.5081,-5.340589e-08,0.5,0.5
171.0,23.07704,0.3373709,1.604092,-0.0931527,346.8293,213.3568,6.183406,0.3642442,1.600642,-0.1118099,346.8293,213.3568,6.183406,0.3104976,1.607542,-0.07449552,346.8293,213.3568,6.183406,355.4308,213.4304,1.07062e-07,355.7389,210.5988,-1.070175e-07,0.5,0.5
172.0,23.20757,0.3012435,1.611539,-0.1467655,346.0952,209.0069,6.550898,0.3293881,1.607896,-0.1634021,346.0952,209.0069,6.550898,0.2730988,1.615182,-0.130129,346.0952,209.0069,6.550898,359.7739,201.9602,0.0,0.1229694,198.9547,0.0,0.5,0.5
173.0,23.34356,0.3058823,1.608035,-0.1789091,349.5758,206.7074,5.607254,0.3348671,1.604874,-0.1941426,349.5758,206.7074,5.607254,0.2768976,1.611197,-0.1636756,349.5758,206.7074,5.607254,359.7176,203.4672,6.670188e-09,0.03549446,200.2098,8.337636e-10,0.5,0.5
174.0,23.4739,0.3621549,1.609634,-0.1974619,347.2083,222.9541,6.34435,0.3855358,1.606089,-0.2203297,347.2083,222.9541,6.34435,0.338774,1.613179,-0.1745941,347.2083,222.9541,6.34435,347.8844,250.7816,0.0,347.8936,250.1128,4.365968e-07,0.5,0.5
175.0,23.61077,0.4706167,1.594424,-0.2200791,348.0218,249.0917,1.236534,0.4822161,1.59373,-0.2508547,348.0218,249.0917,1.236534,0.4590172,1.595119,-0.1893035,348.0218,249.0917,1.236534,349.328,264.0855,0.0,349.2698,261.3946,4.344838e-07,0.5,0.5
176.0,23.74602,0.5871145,1.597255,-0.2402923,353.0318,261.2053,1.939708,0.5920078,1.59615,-0.2728038,353.0318,261.2053,1.939708,0.5822212,1.59836,-0.2077807,353.0318,261.2053,1.939708,350.4766,277.4699,4.328524e-07,350.4438,274.5615,0.0,0.5,0.5
177.0,23.8784,0.6456339,1.60771,-0.2288834,349.5447,263.6926,5.38538,0.6486751,1.604673,-0.2614979,349.5447,263.6926,5.38538,0.6425927,1.610746,-0.196269,349.5447,263.6926,5.38538,350.4815,280.7104,8.656922e-07,350.6237,277.8053,-4.326674e-07,0.5,0.5
178.0,24.01542,0.6566794,1.618684,-0.2057289,344.3203,263.9679,5.769616,0.65923,1.6155,-0.2383713,344.3203,263.9679,5.769616,0.6541288,1.621868,-0.1730865,344.3203,263.9679,5.769616,351.3598,277.6855,4.31787e-07,351.5387,275.0356,-8.631687e-07,0.5,0.5
179.0,24.14834,0.6645846,1.618444,-0.1937992,343.4381,265.7831,8.843873,0.6655371,1.613596,-0.2263224,343.4381,265.7831,8.843873,0.6636322,1.623292,-0.161276,343.4381,265.7831,8.843873,353.7611,273.4744,0.0,354.1822,270.4509,0.0,0.5,0.5
180.0,24.30164,0.669026,1.617025,-0.1957653,343.8357,262.394,9.463653,0.6718283,1.61183,-0.2281277,343.8357,262.394,9.463653,0.6662236,1.62222,-0.1634029,343.8357,262.394,9.463653,353.5541,271.3959,0.0,354.0441,268.1277,0.0,0.5,0.5
181.0,24.42011,0.6731019,1.616167,-0.189639,344.4467,259.9138,8.763721,0.6774726,1.611338,-0.2218842,344.4467,259.9138,8.763721,0.6687312,1.620996,-0.1573939,344.4467,259.9138,8.763721,353.255,271.8845,2.14931e-07,353.6597,268.8448,2.14757e-07,0.5,0.5
182.0,24.58403,0.6803344,1.616184,-0.1828328,345.0623,260.475,8.751791,0.6844422,1.611348,-0.2151113,345.0623,260.475,8.751791,0.6762266,1.621021,-0.1505542,345.0623,260.475,8.751791,353.0168,272.1889,-2.150386e-07,353.3562,269.5729,0.0,0.5,0.5
183.0,24.70641,0.6834551,1.615015,-0.1778615,346.1157,265.5324,10.00853,0.6846108,1.609465,-0.2102656,346.1157,265.5324,10.00853,0.6822994,1.620565,-0.1454574,346.1157,265.5324,10.00853,352.7654,273.8377,-4.303126e-07,353.1939,271.0053,-4.299166e-07,0.5,0.5
184.0,24.86614,0.6854551,1.616139,-0.1768649,345.4866,266.0956,11.02111,0.6860813,1.610051,-0.2091869,345.4866,266.0956,11.02111,0.6848288,1.622227,-0.1445429,345.4866,266.0956,11.02111,352.2419,270.4247,4.308303e-07,352.8062,267.3807,-4.302738e-07,0.5,0.5
185.0,24.98508,0.6868439,1.613874,-0.1795609,346.687,263.6989,10.73395,0.6889889,1.607912,-0.2118412,346.687,263.6989,10.73395,0.6846989,1.619837,-0.1472806,346.687,263.6989,10.73395,353.1019,270.0226,-4.299995e-07,353.6429,266.9813,0.0,0.5,0.5
186.0,25.14912,0.6884923,1.614515,-0.165317,346.9929,275.8033,8.443333,0.6841205,1.609808,-0.1975801,346.9929,275.8033,8.443333,0.6928641,1.619221,-0.1330539,346.9929,275.8033,8.443333,346.3621,305.1613,0.0,346.3858,304.4891,4.392279e-07,0.5,0.5
187.0,25.27429,0.6993923,1.614542,-0.1537114,344.1077,302.0434,5.535754,0.6812836,1.61149,-0.1810047,344.1077,302.0434,5.535754,0.717501,1.617594,-0.126418,344.1077,302.0434,5.535754,348.0655,322.4877,4.36318e-07,348.1473,319.5677,8.723734e-07,0.5,0.5
188.0,25.43791,0.720488,1.610792,-0.2030189,345.3395,333.2274,4.348029,0.6909183,1.608379,-0.2172308,345.3395,333.2274,4.348029,0.7500576,1.613204,-0.188807,345.3395,333.2274,4.348029,349.3065,347.0544,1.086078e-07,349.4079,343.9166,0.0,0.5,0.5
189.0,25.56481,0.741636,1.606878,-0.2086746,349.1045,347.2108,6.251094,0.7095967,1.60336,-0.2152531,349.1045,347.2108,6.251094,0.7736754,1.610395,-0.202096,349.1045,347.2108,6.251094,359.331,7.09257,3.335281e-09,359.6225,4.55584,1.667563e-09,0.5,0.5
190.0,25.70044,0.7714893,1.598873,-0.1901075,352.1847,1.91089,6.696712,0.738853,1.595073,-0.1884967,352.1847,1.91089,6.696712,0.8041256,1.602674,-0.1917183,352.1847,1.91089,6.696712,0.9403818,12.6567,0.0,1.294634,9.630263,-6.67181e-09,0.5,0.5
191.0,25.82559,0.7829603,1.592345,-0.1929191,353.7664,8.864156,5.998044,0.7506924,1.588928,-0.187509,353.7664,8.864156,5.998044,0.8152282,1.595763,-0.1983292,353.7664,8.864156,5.998044,8.377052,13.64435,1.078726e-07,8.6678,11.07812,-1.079547e-07,0.5,0.5
192.0,25.95747,0.7848447,1.596229,-0.1930053,353.0055,10.80715,4.008083,0.7526634,1.593947,-0.1865771,353.0055,10.80715,4.008083,0.817026,1.598511,-0.1994334,353.0055,10.80715,4.008083,7.672802,16.53803,0.0,7.895233,13.73498,-1.07743e-07,0.5,0.5
193.0,26.0914,0.804235,1.596667,-0.1927468,353.2946,20.84964,3.150847,0.7736144,1.594871,-0.1808589,353.2946,20.84964,3.150847,0.8348556,1.598463,-0.2046348,353.2946,20.84964,3.150847,10.77311,25.94285,2.172728e-07,10.96314,22.92978,0.0,0.5,0.5
194.0,26.22799,0.8255804,1.583458,-0.2407598,356.7573,43.14695,4.808624,0.8017703,1.580705,-0.2182284,356.7573,43.14695,4.808624,0.8493904,1.586211,-0.2632913,356.7573,43.14695,4.808624,5.418358,70.22654,-2.144014e-07,5.56598,69.17357,-2.144545e-07,0.5,0.5
195.0,26.35689,0.8468276,1.582911,-0.3055275,357.8816,64.17951,6.41809,0.8327117,1.579236,-0.2760418,357.8816,64.17951,6.41809,0.8609436,1.586586,-0.3350132,357.8816,64.17951,6.41809,3.780916,83.7491,4.27818e-07,4.090252,81.58984,0.0,0.5,0.5
196.0,26.4927,0.862221,1.59082,-0.3721907,356.1718,78.52489,5.154525,0.8558964,1.587871,-0.340043,356.1718,78.52489,5.154526,0.8685456,1.593769,-0.4043383,356.1718,78.52489,5.154526,2.072629,93.09419,0.0,2.39056,90.03603,0.0,0.5,0.5
197.0,26.6258,0.8839161,1.596239,-0.4545157,355.154,87.36651,4.502639,0.8826272,1.593665,-0.4217455,355.154,87.36651,4.502639,0.885205,1.598812,-0.4872859,355.154,87.36651,4.502639,359.9375,111.1459,-3.335055e-09,0.06413101,109.6364,0.0,0.5,0.5
198.0,26.76403,0.9087775,1.599033,-0.5692134,352.0518,97.89915,6.702231,0.9137934,1.595231,-0.5369248,352.0518,97.89915,6.702231,0.9037616,1.602836,-0.6015019,352.0518,97.89915,6.702231,355.5638,118.6045,2.140848e-07,355.7732,116.4209,0.0,0.5,0.5
199.0,26.89855,0.9266927,1.604768,-0.654458,348.9604,108.1544,6.301376,0.9375376,1.601224,-0.6236036,348.9604,108.1544,6.301376,0.9158479,1.608311,-0.6853125,348.9604,108.1544,6.301376,357.2874,117.3729,0.0,357.6754,113.6786,1.068096e-07,0.5,0.5
200.0,27.03174,0.9354264,1.601629,-0.6712654,352.321,110.7332,5.798069,0.9474279,1.598335,-0.6408141,352.321,110.7332,5.798069,0.9234248,1.604922,-0.7017167,352.321,110.7332,5.798069,351.1344,121.9931,-4.320488e-07,351.3884,118.6414,0.0,0.5,0.5
201.0,27.16639,0.933769,1.602849,-0.6510826,353.4046,109.1796,5.835877,0.9448833,1.599526,-0.6202995,353.4046,109.1796,5.835877,0.9226547,1.606172,-0.6818658,353.4046,109.1796,5.835877,349.7299,121.3116,4.338377e-07,349.9565,118.1574,-4.335305e-07,0.5,0.5
202.0,27.30352,0.9250311,1.610394,-0.6434196,348.5273,106.267,3.821409,0.934644,1.608245,-0.6120325,348.5273,106.267,3.821409,0.9154183,1.612543,-0.6748066,348.5273,106.267,3.821409,343.7334,116.9282,8.893765e-07,343.8162,113.2439,1.778005e-06,0.5,0.5
203.0,27.43549,0.9146936,1.624178,-0.66135,339.8589,105.8798,4.93122,0.9245979,1.621523,-0.6300926,339.8589,105.8798,4.93122,0.9047893,1.626833,-0.6926073,339.8589,105.8798,4.93122,343.4334,114.8014,1.781499e-06,343.5894,111.5895,0.0,0.5,0.5
204.0,27.57262,0.9092401,1.62446,-0.6921403,338.3184,105.9151,4.011356,0.9190562,1.622322,-0.6608155,338.3184,105.9151,4.011356,0.899424,1.626598,-0.723465,338.3184,105.9151,4.011356,339.2278,108.4989,9.131289e-07,339.4816,104.4806,0.0,0.5,0.5
205.0,27.70529,0.9180927,1.614938,-0.6953231,343.3281,91.38489,6.581181,0.9199639,1.611326,-0.6626793,343.3281,91.38489,6.581181,0.9162216,1.61855,-0.727967,343.3281,91.38489,6.581181,352.0945,72.64924,0.0,352.5798,69.80721,0.0,0.5,0.5
206.0,27.85543,0.9021561,1.600143,-0.6168679,351.5939,44.53433,6.30845,0.8792192,1.596568,-0.5935596,351.5939,44.53433,6.30845,0.925093,1.603719,-0.6401762,351.5939,44.53433,6.30845,1.87428,35.66759,0.0,2.192775,32.62307,0.0,0.5,0.5
207.0,27.99591,0.8632925,1.595447,-0.5058469,354.5875,16.92851,4.632585,0.8319974,1.592802,-0.4960598,354.5875,16.92851,4.632585,0.8945875,1.598092,-0.5156341,354.5875,16.92851,4.632585,0.6172293,9.396194,0.0,0.8582019,6.322704,3.335427e-09,0.5,0.5
208.0,28.13743,0.8261707,1.598339,-0.3744732,353.8629,2.438876,5.796232,0.7934873,1.595036,-0.3727257,353.8629,2.438875,5.796232,0.8588541,1.601642,-0.3762208,353.8629,2.438875,5.796232,4.105346,352.1809,0.0,4.393156,348.9028,5.351809e-08,0.5,0.5
209.0,28.27541,0.8052823,1.599376,-0.2942223,354.9257,349.2368,4.100465,0.7730086,1.597033,-0.3001456,354.9257,349.2368,4.100465,0.837556,1.601719,-0.288299,354.9257,349.2368,4.100465,5.776727,333.4974,0.0,5.905823,330.4263,1.072912e-07,0.5,0.5
210.0,28.40471,0.8060181,1.593134,-0.2126549,356.5517,329.8003,3.490668,0.7775787,1.591135,-0.2290675,356.5517,329.8003,3.490668,0.8344575,1.595134,-0.1962424,356.5517,329.8003,3.490668,6.476744,310.1213,0.0,6.5288,307.4826,-4.296733e-07,0.5,0.5
211.0,28.55285,0.8382538,1.593651,-0.1077203,356.7133,301.3488,4.973722,0.8210644,1.590803,-0.1356234,356.7133,301.3488,4.973722,0.8554432,1.596498,-0.07981721,356.7133,301.3488,4.973722,4.401239,284.1686,0.0,4.569686,281.533,-2.141241e-07,0.5,0.5
212.0,28.6851,0.8543925,1.591864,-0.03852779,359.1556,281.375,5.251756,0.8478882,1.588853,-0.0706338,359.1556,281.375,5.251756,0.8608969,1.594875,-0.006421775,359.1556,281.375,5.251756,5.534334,272.5278,0.0,5.734199,269.8892,-2.145168e-07,0.5,0.5
213.0,28.81711,0.8376819,1.589835,-0.006830454,0.16863,264.1908,2.966395,0.841012,1.588133,-0.03951347,0.16863,264.1908,2.966395,0.8343518,1.591537,0.02585256,0.16863,264.1908,2.966395,3.163269,263.6389,2.137691e-07,3.356077,259.8732,-1.06905e-07,0.5,0.5
214.0,28.94604,0.7926861,1.587528,0.008188963,359.6523,260.5948,1.965635,0.798052,1.5864,-0.02424716,359.6523,260.5948,1.965635,0.7873203,1.588657,0.04062508,359.6523,260.5948,1.965635,355.4288,262.4803,-2.141245e-07,355.557,258.7117,-2.140868e-07,0.5,0.5
215.0,29.0776,0.735285,1.598732,0.0009169579,355.7964,262.7222,4.557236,0.7392491,1.596126,-0.03163544,355.7964,262.7222,4.557236,0.731321,1.601339,0.03346935,355.7964,262.7222,4.557236,356.5934,262.7087,2.138212e-07,356.8625,259.1685,-2.137638e-07,0.5,0.5
216.0,29.21305,0.6866271,1.61298,-0.002599239,349.5552,262.5141,6.182777,0.6902512,1.609496,-0.03510914,349.5552,262.5141,6.182777,0.683003,1.616464,0.02991067,349.5552,262.5141,6.182777,353.4623,262.4619,-2.148405e-07,353.8,259.3724,2.146992e-07,0.5,0.5
